retailer,source_scope,brand,product_name,category,price,sale_price,original_price,rating,review_count,barcode,product_id,sku_id,product_url,image_url,source_url,captured_utc_date
Sephora US,PDF brand list,The Ordinary,Glycolic Acid 7% Exfoliating Toner,toner,,,,,,,,,https://www.sephora.com/search?keyword=The%20Ordinary%20Glycolic%20Acid%207%%20Exfoliating%20Toner,,/Users/ahmedhassan/Downloads/sephoralist.pdf,2026-06-14
Sephora US,PDF brand list,The Ordinary,Niacinamide 10% + Zinc 1% Serum,treatment,,,,,,,,,https://www.sephora.com/search?keyword=The%20Ordinary%20Niacinamide%2010%%20+%20Zinc%201%%20Serum,,/Users/ahmedhassan/Downloads/sephoralist.pdf,2026-06-14
Sephora US,PDF brand list,The Ordinary,Hyaluronic Acid 2% + B5 Serum,treatment,,,,,,,,,https://www.sephora.com/search?keyword=The%20Ordinary%20Hyaluronic%20Acid%202%%20+%20B5%20Serum,,/Users/ahmedhassan/Downloads/sephoralist.pdf,2026-06-14
Sephora US,PDF brand list,The Ordinary,AHA 30% + BHA 2% Peeling Solution,treatment,,,,,,,,,https://www.sephora.com/search?keyword=The%20Ordinary%20AHA%2030%%20+%20BHA%202%%20Peeling%20Solution,,/Users/ahmedhassan/Downloads/sephoralist.pdf,2026-06-14
Sephora US,PDF brand list,Drunk Elephant,Protini Polypeptide Cream,moisturizer,,,,,,,,,https://www.sephora.com/search?keyword=Drunk%20Elephant%20Protini%20Polypeptide%20Cream,,/Users/ahmedhassan/Downloads/sephoralist.pdf,2026-06-14
Sephora US,PDF brand list,Drunk Elephant,C-Firma Fresh Day Serum,treatment,,,,,,,,,https://www.sephora.com/search?keyword=Drunk%20Elephant%20C-Firma%20Fresh%20Day%20Serum,,/Users/ahmedhassan/Downloads/sephoralist.pdf,2026-06-14
Sephora US,PDF brand list,Drunk Elephant,TLC Framboos Glycolic Night Serum,treatment,,,,,,,,,https://www.sephora.com/search?keyword=Drunk%20Elephant%20TLC%20Framboos%20Glycolic%20Night%20Serum,,/Users/ahmedhassan/Downloads/sephoralist.pdf,2026-06-14
Sephora US,PDF brand list,Drunk Elephant,Lala Retro Whipped Cream,moisturizer,,,,,,,,,https://www.sephora.com/search?keyword=Drunk%20Elephant%20Lala%20Retro%20Whipped%20Cream,,/Users/ahmedhassan/Downloads/sephoralist.pdf,2026-06-14
Sephora US,PDF brand list,Tatcha,The Water Cream,moisturizer,,,,,,,,,https://www.sephora.com/search?keyword=Tatcha%20The%20Water%20Cream,,/Users/ahmedhassan/Downloads/sephoralist.pdf,2026-06-14
Sephora US,PDF brand list,Tatcha,The Dewy Skin Cream,moisturizer,,,,,,,,,https://www.sephora.com/search?keyword=Tatcha%20The%20Dewy%20Skin%20Cream,,/Users/ahmedhassan/Downloads/sephoralist.pdf,2026-06-14
Sephora US,PDF brand list,Tatcha,The Camellia Cleansing Oil,cleanser,,,,,,,,,https://www.sephora.com/search?keyword=Tatcha%20The%20Camellia%20Cleansing%20Oil,,/Users/ahmedhassan/Downloads/sephoralist.pdf,2026-06-14
Sephora US,PDF brand list,Tatcha,The Rice Wash Exfoliating Cleanser,cleanser,,,,,,,,,https://www.sephora.com/search?keyword=Tatcha%20The%20Rice%20Wash%20Exfoliating%20Cleanser,,/Users/ahmedhassan/Downloads/sephoralist.pdf,2026-06-14
Sephora US,PDF brand list,Glow Recipe,Watermelon Glow Niacinamide Dew Drops,treatment,,,,,,,,,https://www.sephora.com/search?keyword=Glow%20Recipe%20Watermelon%20Glow%20Niacinamide%20Dew%20Drops,,/Users/ahmedhassan/Downloads/sephoralist.pdf,2026-06-14
Sephora US,PDF brand list,Glow Recipe,Avocado Fine Line Eye Cream,moisturizer,,,,,,,,,https://www.sephora.com/search?keyword=Glow%20Recipe%20Avocado%20Fine%20Line%20Eye%20Cream,,/Users/ahmedhassan/Downloads/sephoralist.pdf,2026-06-14
Sephora US,PDF brand list,Glow Recipe,Strawberry Smooth BHA Serum,treatment,,,,,,,,,https://www.sephora.com/search?keyword=Glow%20Recipe%20Strawberry%20Smooth%20BHA%20Serum,,/Users/ahmedhassan/Downloads/sephoralist.pdf,2026-06-14
Sephora US,PDF brand list,Glow Recipe,Plum Plump Hyaluronic Cream,moisturizer,,,,,,,,,https://www.sephora.com/search?keyword=Glow%20Recipe%20Plum%20Plump%20Hyaluronic%20Cream,,/Users/ahmedhassan/Downloads/sephoralist.pdf,2026-06-14
Sephora US,PDF brand list,Summer Fridays,Lip Butter Balm (Vanilla/Brown Sugar),moisturizer,,,,,,,,,https://www.sephora.com/search?keyword=Summer%20Fridays%20Lip%20Butter%20Balm%20(Vanilla/Brown%20Sugar),,/Users/ahmedhassan/Downloads/sephoralist.pdf,2026-06-14
Sephora US,PDF brand list,Summer Fridays,Jet Lag Mask,moisturizer,,,,,,,,,https://www.sephora.com/search?keyword=Summer%20Fridays%20Jet%20Lag%20Mask,,/Users/ahmedhassan/Downloads/sephoralist.pdf,2026-06-14
Sephora US,PDF brand list,Summer Fridays,CC Me Vitamin C Serum,treatment,,,,,,,,,https://www.sephora.com/search?keyword=Summer%20Fridays%20CC%20Me%20Vitamin%20C%20Serum,,/Users/ahmedhassan/Downloads/sephoralist.pdf,2026-06-14
Sephora US,PDF brand list,Summer Fridays,Rich Cushion Cream,moisturizer,,,,,,,,,https://www.sephora.com/search?keyword=Summer%20Fridays%20Rich%20Cushion%20Cream,,/Users/ahmedhassan/Downloads/sephoralist.pdf,2026-06-14
Sephora US,PDF brand list,Youth To The People,Kale + Spinach Green Tea Superfood Cleanser,cleanser,,,,,,,,,https://www.sephora.com/search?keyword=Youth%20To%20The%20People%20Kale%20+%20Spinach%20Green%20Tea%20Superfood%20Cleanser,,/Users/ahmedhassan/Downloads/sephoralist.pdf,2026-06-14
Sephora US,PDF brand list,Youth To The People,15% Vitamin C + Clean Caffeine Energy Serum,treatment,,,,,,,,,https://www.sephora.com/search?keyword=Youth%20To%20The%20People%2015%%20Vitamin%20C%20+%20Clean%20Caffeine%20Energy%20Serum,,/Users/ahmedhassan/Downloads/sephoralist.pdf,2026-06-14
Sephora US,PDF brand list,Youth To The People,Superberry Hydrate + Glow Dream Mask,moisturizer,,,,,,,,,https://www.sephora.com/search?keyword=Youth%20To%20The%20People%20Superberry%20Hydrate%20+%20Glow%20Dream%20Mask,,/Users/ahmedhassan/Downloads/sephoralist.pdf,2026-06-14
Sephora US,PDF brand list,Sunday Riley,Good Genes All-In-One Lactic Acid Treatment,treatment,,,,,,,,,https://www.sephora.com/search?keyword=Sunday%20Riley%20Good%20Genes%20All-In-One%20Lactic%20Acid%20Treatment,,/Users/ahmedhassan/Downloads/sephoralist.pdf,2026-06-14
Sephora US,PDF brand list,Sunday Riley,UFO Ultra-Clarifying Acne Treatment Face Oil,treatment,,,,,,,,,https://www.sephora.com/search?keyword=Sunday%20Riley%20UFO%20Ultra-Clarifying%20Acne%20Treatment%20Face%20Oil,,/Users/ahmedhassan/Downloads/sephoralist.pdf,2026-06-14
Sephora US,PDF brand list,Sunday Riley,Auto Correct Brightening Eye Cream,moisturizer,,,,,,,,,https://www.sephora.com/search?keyword=Sunday%20Riley%20Auto%20Correct%20Brightening%20Eye%20Cream,,/Users/ahmedhassan/Downloads/sephoralist.pdf,2026-06-14
Sephora US,PDF brand list,The Inkey List,Salicylic Acid Acne Cleanser,cleanser,,,,,,,,,https://www.sephora.com/search?keyword=The%20Inkey%20List%20Salicylic%20Acid%20Acne%20Cleanser,,/Users/ahmedhassan/Downloads/sephoralist.pdf,2026-06-14
Sephora US,PDF brand list,The Inkey List,Caffeine Eye Cream,moisturizer,,,,,,,,,https://www.sephora.com/search?keyword=The%20Inkey%20List%20Caffeine%20Eye%20Cream,,/Users/ahmedhassan/Downloads/sephoralist.pdf,2026-06-14
Sephora US,PDF brand list,The Inkey List,Retinol Serum,treatment,,,,,,,,,https://www.sephora.com/search?keyword=The%20Inkey%20List%20Retinol%20Serum,,/Users/ahmedhassan/Downloads/sephoralist.pdf,2026-06-14
Sephora US,PDF brand list,The Inkey List,Succinic Acid Acne Treatment,treatment,,,,,,,,,https://www.sephora.com/search?keyword=The%20Inkey%20List%20Succinic%20Acid%20Acne%20Treatment,,/Users/ahmedhassan/Downloads/sephoralist.pdf,2026-06-14
Sephora US,PDF brand list,Paula's Choice,Skin Perfecting 2% BHA Liquid Exfoliant,skincare,,,,,,,,,https://www.sephora.com/search?keyword=Paula’s%20Choice%20Skin%20Perfecting%202%%20BHA%20Liquid%20Exfoliant,,/Users/ahmedhassan/Downloads/sephoralist.pdf,2026-06-14
Sephora US,PDF brand list,Paula's Choice,Clinical 1% Retinol Treatment,treatment,,,,,,,,,https://www.sephora.com/search?keyword=Paula’s%20Choice%20Clinical%201%%20Retinol%20Treatment,,/Users/ahmedhassan/Downloads/sephoralist.pdf,2026-06-14
Sephora US,PDF brand list,Paula's Choice,C15 Super Booster,treatment,,,,,,,,,https://www.sephora.com/search?keyword=Paula’s%20Choice%20C15%20Super%20Booster,,/Users/ahmedhassan/Downloads/sephoralist.pdf,2026-06-14
Sephora US,PDF brand list,Laneige,Lip Sleeping Mask (Berry/Sweet Candy),moisturizer,,,,,,,,,https://www.sephora.com/search?keyword=Laneige%20Lip%20Sleeping%20Mask%20(Berry/Sweet%20Candy),,/Users/ahmedhassan/Downloads/sephoralist.pdf,2026-06-14
Sephora US,PDF brand list,Laneige,Water Bank Blue Hyaluronic Cream Exfoliant,moisturizer,,,,,,,,,https://www.sephora.com/search?keyword=Laneige%20Water%20Bank%20Blue%20Hyaluronic%20Cream%20Exfoliant,,/Users/ahmedhassan/Downloads/sephoralist.pdf,2026-06-14
Sephora US,PDF brand list,Laneige,Cream Skin Toner & Moisturizer,toner,,,,,,,,,https://www.sephora.com/search?keyword=Laneige%20Cream%20Skin%20Toner%20&%20Moisturizer,,/Users/ahmedhassan/Downloads/sephoralist.pdf,2026-06-14
Sephora US,PDF brand list,Biodance,Bio-Collagen Real Deep Mask,moisturizer,,,,,,,,,https://www.sephora.com/search?keyword=Biodance%20Bio-Collagen%20Real%20Deep%20Mask,,/Users/ahmedhassan/Downloads/sephoralist.pdf,2026-06-14
Sephora US,PDF brand list,Biodance,Hydro Cera-nol Real Deep Mask,moisturizer,,,,,,,,,https://www.sephora.com/search?keyword=Biodance%20Hydro%20Cera-nol%20Real%20Deep%20Mask,,/Users/ahmedhassan/Downloads/sephoralist.pdf,2026-06-14
StyleKorean,PDF brand list,Anua,Heartleaf 77% Soothing Toner,toner,,,,,,,,,https://www.stylekorean.com/search/Anua%20Heartleaf%2077%%20Soothing%20Toner,,/Users/ahmedhassan/Downloads/korean.pdf,2026-06-14
StyleKorean,PDF brand list,Anua,Heartleaf Pore Control Cleansing Oil,cleanser,,,,,,,,,https://www.stylekorean.com/search/Anua%20Heartleaf%20Pore%20Control%20Cleansing%20Oil,,/Users/ahmedhassan/Downloads/korean.pdf,2026-06-14
StyleKorean,PDF brand list,Anua,Azelaic Acid 10 Hyaluron Redness Serum,treatment,,,,,,,,,https://www.stylekorean.com/search/Anua%20Azelaic%20Acid%2010%20Hyaluron%20Redness%20Serum,,/Users/ahmedhassan/Downloads/korean.pdf,2026-06-14
StyleKorean,PDF brand list,Anua,Niacinamide 10% + TXA 4% Dark Spot Serum,treatment,,,,,,,,,https://www.stylekorean.com/search/Anua%20Niacinamide%2010%%20+%20TXA%204%%20Dark%20Spot%20Serum,,/Users/ahmedhassan/Downloads/korean.pdf,2026-06-14
StyleKorean,PDF brand list,COSRX,Advanced Snail 96 Mucin Power Essence,skincare,,,,,,,,,https://www.stylekorean.com/search/COSRX%20Advanced%20Snail%2096%20Mucin%20Power%20Essence,,/Users/ahmedhassan/Downloads/korean.pdf,2026-06-14
StyleKorean,PDF brand list,COSRX,Advanced Snail 92 All In One Cream,moisturizer,,,,,,,,,https://www.stylekorean.com/search/COSRX%20Advanced%20Snail%2092%20All%20In%20One%20Cream,,/Users/ahmedhassan/Downloads/korean.pdf,2026-06-14
StyleKorean,PDF brand list,COSRX,Low pH Good Morning Gel Cleanser,cleanser,,,,,,,,,https://www.stylekorean.com/search/COSRX%20Low%20pH%20Good%20Morning%20Gel%20Cleanser,,/Users/ahmedhassan/Downloads/korean.pdf,2026-06-14
StyleKorean,PDF brand list,COSRX,Acne Pimple Master Patch,skincare,,,,,,,,,https://www.stylekorean.com/search/COSRX%20Acne%20Pimple%20Master%20Patch,,/Users/ahmedhassan/Downloads/korean.pdf,2026-06-14
StyleKorean,PDF brand list,SKIN1004,Madagascar Centella Hyalu-Cica Water-Fit Sun Serum SPF50+,treatment,,,,,,,,,https://www.stylekorean.com/search/SKIN1004%20Madagascar%20Centella%20Hyalu-Cica%20Water-Fit%20Sun%20Serum%20SPF50+,,/Users/ahmedhassan/Downloads/korean.pdf,2026-06-14
StyleKorean,PDF brand list,SKIN1004,Madagascar Centella Ampoule,treatment,,,,,,,,,https://www.stylekorean.com/search/SKIN1004%20Madagascar%20Centella%20Ampoule,,/Users/ahmedhassan/Downloads/korean.pdf,2026-06-14
StyleKorean,PDF brand list,SKIN1004,Centella Light Cleansing Oil,cleanser,,,,,,,,,https://www.stylekorean.com/search/SKIN1004%20Centella%20Light%20Cleansing%20Oil,,/Users/ahmedhassan/Downloads/korean.pdf,2026-06-14
StyleKorean,PDF brand list,SKIN1004,Madagascar Centella Retinol 0.2 Boosting Shot,treatment,,,,,,,,,https://www.stylekorean.com/search/SKIN1004%20Madagascar%20Centella%20Retinol%200.2%20Boosting%20Shot,,/Users/ahmedhassan/Downloads/korean.pdf,2026-06-14
StyleKorean,PDF brand list,Dr.Althea,345 Relief Cream (Viral for barrier/acne care),moisturizer,,,,,,,,,https://www.stylekorean.com/search/Dr.Althea%20345%20Relief%20Cream%20(Viral%20for%20barrier/acne%20care),,/Users/ahmedhassan/Downloads/korean.pdf,2026-06-14
StyleKorean,PDF brand list,Dr.Althea,345 Relief Serum,treatment,,,,,,,,,https://www.stylekorean.com/search/Dr.Althea%20345%20Relief%20Serum,,/Users/ahmedhassan/Downloads/korean.pdf,2026-06-14
StyleKorean,PDF brand list,Dr.Althea,Retinol Flat Iron Eye Roller,treatment,,,,,,,,,https://www.stylekorean.com/search/Dr.Althea%20Retinol%20Flat%20Iron%20Eye%20Roller,,/Users/ahmedhassan/Downloads/korean.pdf,2026-06-14
StyleKorean,PDF brand list,Numbuzin,No.3 Skin Softening Serum,treatment,,,,,,,,,https://www.stylekorean.com/search/Numbuzin%20No.3%20Skin%20Softening%20Serum,,/Users/ahmedhassan/Downloads/korean.pdf,2026-06-14
StyleKorean,PDF brand list,Numbuzin,No.3 Radiance Glowing Jumbo Essence Toner,toner,,,,,,,,,https://www.stylekorean.com/search/Numbuzin%20No.3%20Radiance%20Glowing%20Jumbo%20Essence%20Toner,,/Users/ahmedhassan/Downloads/korean.pdf,2026-06-14
StyleKorean,PDF brand list,Numbuzin,No.5+ Vitamin Concentrated Serum,treatment,,,,,,,,,https://www.stylekorean.com/search/Numbuzin%20No.5+%20Vitamin%20Concentrated%20Serum,,/Users/ahmedhassan/Downloads/korean.pdf,2026-06-14
StyleKorean,PDF brand list,Numbuzin,No.9 NAD Bio Lifting Essence,skincare,,,,,,,,,https://www.stylekorean.com/search/Numbuzin%20No.9%20NAD%20Bio%20Lifting%20Essence,,/Users/ahmedhassan/Downloads/korean.pdf,2026-06-14
StyleKorean,PDF brand list,Beauty of Joseon,Relief Sun : Rice + Probiotics SPF50+,sunscreen,,,,,,,,,https://www.stylekorean.com/search/Beauty%20of%20Joseon%20Relief%20Sun%20:%20Rice%20+%20Probiotics%20SPF50+,,/Users/ahmedhassan/Downloads/korean.pdf,2026-06-14
StyleKorean,PDF brand list,Beauty of Joseon,Dynasty Cream,moisturizer,,,,,,,,,https://www.stylekorean.com/search/Beauty%20of%20Joseon%20Dynasty%20Cream,,/Users/ahmedhassan/Downloads/korean.pdf,2026-06-14
StyleKorean,PDF brand list,Beauty of Joseon,Revive Eye Serum : Ginseng + Retinal,treatment,,,,,,,,,https://www.stylekorean.com/search/Beauty%20of%20Joseon%20Revive%20Eye%20Serum%20:%20Ginseng%20+%20Retinal,,/Users/ahmedhassan/Downloads/korean.pdf,2026-06-14
StyleKorean,PDF brand list,Beauty of Joseon,Glow Serum : Propolis + Niacinamide,treatment,,,,,,,,,https://www.stylekorean.com/search/Beauty%20of%20Joseon%20Glow%20Serum%20:%20Propolis%20+%20Niacinamide,,/Users/ahmedhassan/Downloads/korean.pdf,2026-06-14
StyleKorean,PDF brand list,Medicube,Collagen PDRN Pink Peptide Serum,treatment,,,,,,,,,https://www.stylekorean.com/search/Medicube%20Collagen%20PDRN%20Pink%20Peptide%20Serum,,/Users/ahmedhassan/Downloads/korean.pdf,2026-06-14
StyleKorean,PDF brand list,Medicube,Zero Pore Pads 2.0,toner,,,,,,,,,https://www.stylekorean.com/search/Medicube%20Zero%20Pore%20Pads%202.0,,/Users/ahmedhassan/Downloads/korean.pdf,2026-06-14
StyleKorean,PDF brand list,Medicube,Age-R Booster Pro (Device pairing products),treatment,,,,,,,,,https://www.stylekorean.com/search/Medicube%20Age-R%20Booster%20Pro%20(Device%20pairing%20products),,/Users/ahmedhassan/Downloads/korean.pdf,2026-06-14
StyleKorean,PDF brand list,Medicube,Kojic Turmeric Brightening Body Lotion,moisturizer,,,,,,,,,https://www.stylekorean.com/search/Medicube%20Kojic%20Turmeric%20Brightening%20Body%20Lotion,,/Users/ahmedhassan/Downloads/korean.pdf,2026-06-14
StyleKorean,PDF brand list,Aestura,Atobarrier 365 Cream (utilizing patented DermaON lipid capsules),moisturizer,,,,,,,,,https://www.stylekorean.com/search/Aestura%20Atobarrier%20365%20Cream%20(utilizing%20patented%20DermaON%20lipid%20capsules),,/Users/ahmedhassan/Downloads/korean.pdf,2026-06-14
StyleKorean,PDF brand list,Aestura,Atobarrier 365 Lotion,moisturizer,,,,,,,,,https://www.stylekorean.com/search/Aestura%20Atobarrier%20365%20Lotion,,/Users/ahmedhassan/Downloads/korean.pdf,2026-06-14
StyleKorean,PDF brand list,Aestura,Theracne 365 Clear Toner,toner,,,,,,,,,https://www.stylekorean.com/search/Aestura%20Theracne%20365%20Clear%20Toner,,/Users/ahmedhassan/Downloads/korean.pdf,2026-06-14
StyleKorean,PDF brand list,Round Lab,Birch Juice Moisturizing Sunscreen SPF50+,sunscreen,,,,,,,,,https://www.stylekorean.com/search/Round%20Lab%20Birch%20Juice%20Moisturizing%20Sunscreen%20SPF50+,,/Users/ahmedhassan/Downloads/korean.pdf,2026-06-14
StyleKorean,PDF brand list,Round Lab,Dokdo Toner (Using deep sea water),toner,,,,,,,,,https://www.stylekorean.com/search/Round%20Lab%20Dokdo%20Toner%20(Using%20deep%20sea%20water),,/Users/ahmedhassan/Downloads/korean.pdf,2026-06-14
StyleKorean,PDF brand list,Round Lab,Soybean Nourishing Cleanser,cleanser,,,,,,,,,https://www.stylekorean.com/search/Round%20Lab%20Soybean%20Nourishing%20Cleanser,,/Users/ahmedhassan/Downloads/korean.pdf,2026-06-14
StyleKorean,PDF brand list,Abib,Heartleaf Essence Calming Pump,skincare,,,,,,,,,https://www.stylekorean.com/search/Abib%20Heartleaf%20Essence%20Calming%20Pump,,/Users/ahmedhassan/Downloads/korean.pdf,2026-06-14
StyleKorean,PDF brand list,Abib,Gummy Sheet Mask Heartleaf Sticker,moisturizer,,,,,,,,,https://www.stylekorean.com/search/Abib%20Gummy%20Sheet%20Mask%20Heartleaf%20Sticker,,/Users/ahmedhassan/Downloads/korean.pdf,2026-06-14
StyleKorean,PDF brand list,Abib,Quick Sunstick Protection Bar SPF50+,sunscreen,,,,,,,,,https://www.stylekorean.com/search/Abib%20Quick%20Sunstick%20Protection%20Bar%20SPF50+,,/Users/ahmedhassan/Downloads/korean.pdf,2026-06-14
StyleKorean,PDF brand list,Abib,PDRN Volume Fill-It Booster,treatment,,,,,,,,,https://www.stylekorean.com/search/Abib%20PDRN%20Volume%20Fill-It%20Booster,,/Users/ahmedhassan/Downloads/korean.pdf,2026-06-14
StyleKorean,PDF brand list,Pyunkang Yul,Essence Toner,toner,,,,,,,,,https://www.stylekorean.com/search/Pyunkang%20Yul%20Essence%20Toner,,/Users/ahmedhassan/Downloads/korean.pdf,2026-06-14
StyleKorean,PDF brand list,Pyunkang Yul,Moisture Cream,moisturizer,,,,,,,,,https://www.stylekorean.com/search/Pyunkang%20Yul%20Moisture%20Cream,,/Users/ahmedhassan/Downloads/korean.pdf,2026-06-14
StyleKorean,PDF brand list,Pyunkang Yul,Ultimate Calming Solution Ampoule,treatment,,,,,,,,,https://www.stylekorean.com/search/Pyunkang%20Yul%20Ultimate%20Calming%20Solution%20Ampoule,,/Users/ahmedhassan/Downloads/korean.pdf,2026-06-14
Sephora US,Skincare category,The Ordinary,Mini Glycolic Acid 7% Exfoliating and Brightening Daily Toner,toner,$9.00,,,,882,,,,,https://www.sephora.com/shop/skincare,2026-06-14,
Sephora US,Skincare category,EADEM,Le Chouchou Exfoliating + Softening Peptide Lip Balm,moisturizer,$24.00,,,,2.5K,,,,,https://www.sephora.com/shop/skincare,2026-06-14,
Sephora US,Skincare category,Biodance,Bio Collagen Real Deep Mask for Pore Minimizing & Firming Care,moisturizer,$5.00 - $19.00,,,,779,,,,,https://www.sephora.com/shop/skincare,2026-06-14,
Sephora US,Skincare category,rhode,Peptide Eye Prep Depuffing Eye Patches,treatment,$25.00,,,,622,,,,,https://www.sephora.com/shop/skincare,2026-06-14,
Sephora US,Skincare category,Dieux,Air Angel Peptide Plumping Gel Cream,moisturizer,$17.60 - $27.20,$17.60 - $27.20,$22.00 - $34.00,,,1.1K,,,,,https://www.sephora.com/shop/skincare?currentPage=2,2026-06-14
Sephora US,Skincare category,innisfree,Vitamin C Niacinamide Brightening Eye Serum for Dark Circles,treatment,$23.00,,,,235,,,,,https://www.sephora.com/shop/skincare?currentPage=2,2026-06-14,
Sephora US,Skincare category,The Ordinary,Azelaic Acid Suspension 10% Cream for Redness and Blemish-Prone Skin,moisturizer,$12.20 - $28.80,,,,1.6K,,,,,https://www.sephora.com/shop/skincare?currentPage=2,2026-06-14,
Sephora US,Skincare category,Dieux,Instant Angel Lipid-Rich Firming Moisturizer,moisturizer,$20.00 - $62.40,$20.00 - $62.40,$25.00 - $78.00,,,2.2K,,,,,https://www.sephora.com/shop/skincare?currentPage=2,2026-06-14
StyleKorean / Silicon2 wholesale,Best Sellers,ANUA,HEARTLEAF QUERCETINOL CLEANSING FOAM 150ml,Cleansing,,,,,,8809640734427,,,,https://stylekoreankbeautywholesale.com/,2026-06-14,
StyleKorean / Silicon2 wholesale,Best Sellers,Medicube,PDRN BOOSTER GEL 300ML,treatment,,,,,,8800256114979,,,,https://stylekoreankbeautywholesale.com/,2026-06-14,
StyleKorean / Silicon2 wholesale,Best Sellers,BIODANCE,REJUVENATING CAVIAR PDRN REAL DEEP MASK 4EA,Mask,,,,,,8809891184613,,,,https://stylekoreankbeautywholesale.com/,2026-06-14,
StyleKorean / Silicon2 wholesale,Best Sellers,Centellian24,Madeca Cream Time Reverse 50ml,moisturizer,,,,,,8806109101257,,,,https://stylekoreankbeautywholesale.com/,2026-06-14,
StyleKorean / Silicon2 wholesale,K-beauty skincare-related categories,celimax,THE REAL NONI CALMING GLOW PAD,Skin Care,,,,,,8809750465464,,,,https://stylekoreankbeautywholesale.com/Product/CategoryProduct?class1=01,2026-06-14,
StyleKorean / Silicon2 wholesale,K-beauty skincare-related categories,celimax,THE -A Retinal Shot Tightening Booster 15ml,Skin Care,,,,,,8809700320812,,,,https://stylekoreankbeautywholesale.com/Product/CategoryProduct?class1=01,2026-06-14,
StyleKorean / Silicon2 wholesale,K-beauty skincare-related categories,celimax,THE VITA-A Retinol Shot Tightening Serum 30ml,Skin Care,,,,,,8809700320805,,,,https://stylekoreankbeautywholesale.com/Product/CategoryProduct?class1=01,2026-06-14,
StyleKorean / Silicon2 wholesale,K-beauty skincare-related categories,celimax,(Renew) NONI ENERGY AMPOULE 30ml,Skin Care,,,,,,8809875907795,,,,https://stylekoreankbeautywholesale.com/Product/CategoryProduct?class1=01,2026-06-14,
StyleKorean / Silicon2 wholesale,K-beauty skincare-related categories,celimax,(Renew) NONI MOISTURE BALANCING TONER 150ml,Skin Care,,,,,,8809954940132,,,,https://stylekoreankbeautywholesale.com/Product/CategoryProduct?class1=01,2026-06-14,
StyleKorean / Silicon2 wholesale,K-beauty skincare-related categories,celimax,(Renew) The Real Noni Starter Kit (3ea),Skin Care,,,,,,8809971482349,,,,https://stylekoreankbeautywholesale.com/Product/CategoryProduct?class1=01,2026-06-14,
StyleKorean / Silicon2 wholesale,K-beauty skincare-related categories,celimax,Ji Woo Gae Cica BHA Blemish Toner Pad (60pads),Skin Care,,,,,,8809783321225,,,,https://stylekoreankbeautywholesale.com/Product/CategoryProduct?class1=01,2026-06-14,
StyleKorean / Silicon2 wholesale,K-beauty skincare-related categories,celimax,(Renew) Dual Barrier Creamy Toner 150ml,Skin Care,,,,,,8809606850475,,,,https://stylekoreankbeautywholesale.com/Product/CategoryProduct?class1=01,2026-06-14,
StyleKorean / Silicon2 wholesale,K-beauty skincare-related categories,celimax,(Renew) Cica Niacinamide AC Calming Serum 40ml,Skin Care,,,,,,8809743544626,,,,https://stylekoreankbeautywholesale.com/Product/CategoryProduct?class1=01,2026-06-14,
StyleKorean / Silicon2 wholesale,K-beauty skincare-related categories,celimax,Pore+Dark Spot Brightening Serum 30ml,Skin Care,,,,,,8809875907412,,,,https://stylekoreankbeautywholesale.com/Product/CategoryProduct?class1=01,2026-06-14,
StyleKorean / Silicon2 wholesale,K-beauty skincare-related categories,celimax,Pore+Dark Spot Brightening Pad (40pads),Skin Care,,,,,,8809743546323,,,,https://stylekoreankbeautywholesale.com/Product/CategoryProduct?class1=01,2026-06-14,
StyleKorean / Silicon2 wholesale,K-beauty skincare-related categories,celimax,The Real Noni Ultimate Eye Cream 20ml,Skin Care,,,,,,8809606850666,,,,https://stylekoreankbeautywholesale.com/Product/CategoryProduct?class1=01,2026-06-14,
StyleKorean / Silicon2 wholesale,K-beauty skincare-related categories,celimax,Oil Control Capsule Essence 30ml,Skin Care,,,,,,8809782559018,,,,https://stylekoreankbeautywholesale.com/Product/CategoryProduct?class1=01,2026-06-14,
StyleKorean / Silicon2 wholesale,K-beauty skincare-related categories,celimax,The Real Cica Soothing Cream 50ml,Skin Care,,,,,,8809782557861,,,,https://stylekoreankbeautywholesale.com/Product/CategoryProduct?class1=01,2026-06-14,
StyleKorean / Silicon2 wholesale,K-beauty skincare-related categories,celimax,Dual Barrier Skin Wearable Cream 50mL,Skin Care,,,,,,8809606850505,,,,https://stylekoreankbeautywholesale.com/Product/CategoryProduct?class1=01,2026-06-14,
StyleKorean / Silicon2 wholesale,K-beauty skincare-related categories,celimax,Dual Barrier Boosting Serum 30mL,Skin Care,,,,,,8809606850482,,,,https://stylekoreankbeautywholesale.com/Product/CategoryProduct?class1=01,2026-06-14,
StyleKorean / Silicon2 wholesale,K-beauty skincare-related categories,celimax,NONI ENERGY REPAIR CREAM 50ml,Skin Care,,,,,,8809686386185,,,,https://stylekoreankbeautywholesale.com/Product/CategoryProduct?class1=01,2026-06-14,
StyleKorean / Silicon2 wholesale,K-beauty skincare-related categories,HEVEBLUE,Derma Zinc Matcha MX 800K ample 50ml,Skin Care,,,,,,8809931832238,,,,https://stylekoreankbeautywholesale.com/Product/CategoryProduct?class1=01,2026-06-14,
StyleKorean / Silicon2 wholesale,K-beauty skincare-related categories,Medicube,KOJIC TURMERIC PAD 70pcs,Skin Care,,,,,,8800289469367,,,,https://stylekoreankbeautywholesale.com/Product/CategoryProduct?class1=01,2026-06-14,
StyleKorean / Silicon2 wholesale,K-beauty skincare-related categories,Medicube,KOJIC ACID TURMERIC NIACINAMIDE SERUM 30ML,Skin Care,,,,,,8800289467608,,,,https://stylekoreankbeautywholesale.com/Product/CategoryProduct?class1=01,2026-06-14,
